experiment,total_samples,safe_count,ambiguous_count,unknown_count,baseline_correct,baseline_incorrect,detection_rate_pct,safe_handling_rate_pct,notes
Baseline_F_M_Unknown,3,1,2,0,2,1,100.0,100.0,Canonical research problem baseline
Binary_drop_if_binary_ignore,3,1,2,0,2,1,100.0,100.0,
Binary_drop_none_ignore,3,2,0,1,2,1,100.0,100.0,
Binary_drop_first_ignore,3,1,2,0,2,1,100.0,100.0,
Multiclass_no_drop,4,3,0,1,3,1,100.0,100.0,
Multiclass_drop_first,4,2,2,0,3,1,100.0,100.0,
Cities_drop_first,4,2,2,0,3,1,100.0,100.0,
Seasons_if_binary,5,4,0,1,4,1,100.0,100.0,
MultiCol_gender_city_drop_if_binary,5,1,4,0,2,3,100.0,100.0,
MultiCol_gender_city_no_drop,5,2,0,3,2,3,100.0,100.0,
MultiCol_gender_city_drop_first,5,1,4,0,2,3,100.0,100.0,
